snapshot_utc,sha256,predictions,ots
2026-06-20,36de50f69fc6d25e31420b88707ab64dd81e82073c496155f66b9be2f9671830,166,data/track-2026-06-20.json.ots
2026-06-20T06-16-15Z,f86d9744c0160013ea3c632e65ff115c9f0c0d8a3c8b54a499466aad1bce2806,166,data/track-2026-06-20T06-16-15Z.json.ots
2026-06-21T04-40-01Z,11dd25e3c35ada6ac160e062f2e1cd5832822c7fcd7b8f0061cdd2932104acb7,167,data/track-2026-06-21T04-40-01Z.json.ots
2026-06-22T04-40-01Z,26460fe8423c834d419e8dda21f9aee6fbc4bc0bed2916af832d37f81c61ab44,178,data/track-2026-06-22T04-40-01Z.json.ots
2026-06-23T04-40-01Z,592dbdab3d1079740906060ef885c2715d536caf961cca5b83752352313334f7,184,data/track-2026-06-23T04-40-01Z.json.ots
2026-06-24T04-40-01Z,ec4fbbf56185b6a98b91c54d9d401c717068a1420cec09aeeccebc0947ed0af4,198,data/track-2026-06-24T04-40-01Z.json.ots
2026-06-25T04-40-01Z,ab86e26f09d23cc0befde267bf0db6e962cd75cf25e2e0e8c00b414434fa442a,221,data/track-2026-06-25T04-40-01Z.json.ots
2026-06-26T04-40-01Z,c34b2f1af3f6f717a74dd3d0ada944a626becc906fabfe05d37b80680da2b6f8,229,data/track-2026-06-26T04-40-01Z.json.ots
2026-06-27T04-40-01Z,ddbc6f953a3a7ea0dd1c1bfce4fa9aebbac72bdaabc142d8544c2405926f1512,237,data/track-2026-06-27T04-40-01Z.json.ots
2026-06-28T04-40-01Z,6aeadddd3c7bb14e4fb751762f8531d4aec6447c190c840adf7c2c4154277fb3,242,data/track-2026-06-28T04-40-01Z.json.ots
2026-06-29T04-40-01Z,a4ecfeaf8411ae7c7f6564809277954a328931c4de23d095095da814b45b32c4,256,data/track-2026-06-29T04-40-01Z.json.ots
2026-06-30T04-40-01Z,7f5b53552dea9c71b089efe36e269f66973b7d43c9330dd5cbf6fc17b6342f14,271,data/track-2026-06-30T04-40-01Z.json.ots
2026-07-01T04-40-01Z,a8f013b150f79780a624fcf9fe2a18f473f0bab5d4b025da047ed36dc4404589,282,data/track-2026-07-01T04-40-01Z.json.ots
2026-07-02T04-40-01Z,e46551e8d389a5a030acca7c82e006b5234807b08c7b7942b0ef1cd44aa23e4e,300,data/track-2026-07-02T04-40-01Z.json.ots
2026-07-03T04-40-01Z,7fea0d0ad9813338f08d12608f655e123557143f5f0b088f8e31b76a0d039e02,314,data/track-2026-07-03T04-40-01Z.json.ots
2026-07-04T04-40-01Z,c62ec603a486c474809dce01b462a7356bb4d5fdbf889bca283552d9672c5cdc,317,data/track-2026-07-04T04-40-01Z.json.ots
2026-07-05T04-40-01Z,93ee0ff1d5c121950673c4bd11011eec5bed85877ab66a3a7f5ee688f986d7f6,323,data/track-2026-07-05T04-40-01Z.json.ots
2026-07-06T04-40-01Z,b8998c84a1cdd43a64e7cb8c6d48f5320f43d6918a87050600c468a7b8257cf5,336,data/track-2026-07-06T04-40-01Z.json.ots
2026-07-07T04-40-01Z,f78e5f21d46c8c136ee4c79bb363415e70ab429f7dd3a7c0a1819e1d8f33308a,349,data/track-2026-07-07T04-40-01Z.json.ots
2026-07-07T08-21-38Z,4d51bcea768d86b00ceb0ea794b36ac3c9d59e0f085bec5dfbc4e51b353af1a4,365,data/track-2026-07-07T08-21-38Z.json.ots
2026-07-08T04-40-01Z,9c1ae22e6695d8bbb6137a1d8ac1f8ea5503ee003398dd47d9b455d3c6f7c1ec,365,data/track-2026-07-08T04-40-01Z.json.ots
2026-07-09T04-40-01Z,73fe723ff0b7791cc35e0fb3c27f01f6aae64aa1355be288ff536a8d1990318c,367,data/track-2026-07-09T04-40-01Z.json.ots
2026-07-10T04-40-01Z,d3696d91a02a515ec588882fcd7dfe3135770118916e144178735756bd273675,372,data/track-2026-07-10T04-40-01Z.json.ots
2026-07-11T04-40-01Z,95a77d0cb24d7230ee4d71110902944ab34d95e56590559fbdb63ad1e5c5d502,374,data/track-2026-07-11T04-40-01Z.json.ots
2026-07-12T04-40-01Z,2dc2257fd7e86f77231d7553ab9ba3852027f79781602809266497752d151f48,384,data/track-2026-07-12T04-40-01Z.json.ots
2026-07-13T04-40-01Z,0c565c85e2d8fd5b3f7718f11a6b9622a4da4c90033be0560ffcd2ce0778cce3,395,data/track-2026-07-13T04-40-01Z.json.ots
2026-07-14T04-40-01Z,8f84c7e8dc325e7668f5ec4afc7b35c6115bba9166e5e048884aa96fa99176a9,399,data/track-2026-07-14T04-40-01Z.json.ots
2026-07-15T04-40-01Z,51936c6cd4e4bca8a613f3137a3eb5cd7a009d1c9e2ab1ac778749f091b2775c,447,data/track-2026-07-15T04-40-01Z.json.ots
2026-07-16T04-40-01Z,91990b7540fd09632c41fab293bde3cd08dc29adfbc72fbd12625f80526e8c97,471,data/track-2026-07-16T04-40-01Z.json.ots
2026-07-17T04-40-01Z,371eee96ff83e38442d6457cca86769f05af20959b16c528c2b71aa6d9228c42,481,data/track-2026-07-17T04-40-01Z.json.ots
2026-07-18T04-40-01Z,83ac813168a9b7ae3a9043dffc6e01e241d8c0d0321976a84da929c4452f1316,498,data/track-2026-07-18T04-40-01Z.json.ots
2026-07-19T04-40-01Z,3d0ebc20d851a578c57156a4a2f993427aba299dd2e4fa3b514b80156d9f6a36,519,data/track-2026-07-19T04-40-01Z.json.ots
2026-07-20T04-40-01Z,d572a0d8fd39fab4b85fe689c749dbda270d736848b9981d5b929a2600d937a6,542,data/track-2026-07-20T04-40-01Z.json.ots
2026-07-21T04-40-01Z,d0b697bc3ebc48b42cedb777ecdb06e53de0d5057d7e5adcf35533e86ddb8846,561,data/track-2026-07-21T04-40-01Z.json.ots
2026-07-22T04-40-01Z,fcadc4fc070e15387f9ed44f740bfd2ade79c7764d6ef19285d0c319c70f3a89,578,data/track-2026-07-22T04-40-01Z.json.ots
2026-07-23T04-40-02Z,80381683767765204025355e2e0f6ed0d3dba168d8fbd06573098c8bce004d1e,600,data/track-2026-07-23T04-40-02Z.json.ots
2026-07-24T04-40-01Z,ccf74fee0504150bd71de5f3ecea6aaaf0929ebc7da77b6713a090b241ba6622,646,data/track-2026-07-24T04-40-01Z.json.ots
2026-07-25T04-40-01Z,4f8ab1c48caf7462dc19653d172d2c8d565964d78456f1e2fc2bf6355660edbe,667,data/track-2026-07-25T04-40-01Z.json.ots
2026-07-26T04-40-01Z,a93bfee5710f71ffa83dee2c0eebdfb5c463b49703500ffa22b8e7f59b124cf1,843,data/track-2026-07-26T04-40-01Z.json.ots
2026-07-27T04-40-01Z,f6a424776187302625338bfa1c63be4314aa8a869a04cde02dee5d89c9847ad6,885,data/track-2026-07-27T04-40-01Z.json.ots
2026-07-28T04-40-01Z,19ae0c6098a0430e36afe629973661428ac3728cd7fc86362027465e682b1610,938,data/track-2026-07-28T04-40-01Z.json.ots
2026-07-29T04-40-01Z,b6367bdf14081cb5830b079fe1170b15cbdf6a4d68eeaaad9613ce2443278318,991,data/track-2026-07-29T04-40-01Z.json.ots
2026-07-30T04-40-01Z,080a4551a642f7aaedc24596be87281042fdbae374e58939e6ee9028e683832e,1087,data/track-2026-07-30T04-40-01Z.json.ots
2026-07-31T04-40-01Z,87c65c8fb52b32a81b08e5c1dea25aa1f2314c50dd19faf9ecd9db4c3aecc9c3,1133,data/track-2026-07-31T04-40-01Z.json.ots
2026-08-01T04-40-01Z,4bf9ecd7cfbee843a357080a3519cb96e698279a0dc4f6386d5f4568b82ce87c,1165,data/track-2026-08-01T04-40-01Z.json.ots
2026-08-02T04-40-01Z,cf78831982ed370ea62e683677c7bd59d6d124fb3f805534d2d75f16eb46528d,1285,data/track-2026-08-02T04-40-01Z.json.ots
2026-08-03T04-40-01Z,f442145d503ec7395b884b1b7962d95f01619db405b17b19c58eb49db2313bfd,1366,data/track-2026-08-03T04-40-01Z.json.ots
2026-08-04T04-40-01Z,55ecb9fba00549813a16f07228bdcea5ce63cbbf3e2a7c1c0653d2b60c0db890,1428,data/track-2026-08-04T04-40-01Z.json.ots
2026-08-05T04-40-01Z,8f2cf9d3f95825454fdbbb1e660abdc2b9f9e4d70cdacffdfded8c33a15edf59,1486,data/track-2026-08-05T04-40-01Z.json.ots
2026-08-06T04-40-01Z,43ae0731b624ade54ba8dccc7edf3a53c5a48141aa23ae5802cde2426a10bc53,1559,data/track-2026-08-06T04-40-01Z.json.ots
2026-08-07T04-40-01Z,6323e9915bc2799843434e5289a04fcff031e88de16491b987658489ba8d940a,1620,data/track-2026-08-07T04-40-01Z.json.ots
2026-08-08T04-40-01Z,b94e537768229e01fdde81b609776a81291aadc628cad8e5d443ccd078cd3e4b,1671,data/track-2026-08-08T04-40-01Z.json.ots
2026-08-09T04-40-01Z,ebc9ee9b6120dc0f7226ba8bf5d193346e93d05a8af9325efd82add6c12617bb,1778,data/track-2026-08-09T04-40-01Z.json.ots
2026-08-10T04-40-01Z,a0587f186bd11e691f431155487815f388fc3b5aa4f672394f964ea717c92e2c,1847,data/track-2026-08-10T04-40-01Z.json.ots
2026-08-11T04-40-01Z,05c7534c11b387ed5219da39b958e11203458f3dfea5f07d54434a1a2e411699,1935,data/track-2026-08-11T04-40-01Z.json.ots
2026-08-12T04-40-01Z,bceb7424db9c5f6cf7e16683fdc740e03b6dd7fc0da609aa767b1c8b5a23a85e,1980,data/track-2026-08-12T04-40-01Z.json.ots
2026-08-13T04-40-01Z,4f91843be88bd695a046abc06629d9de62939600eb7a7e0eaa5abdeca44e79d7,2094,data/track-2026-08-13T04-40-01Z.json.ots
2026-08-14T04-40-01Z,87aab48049eeece99d584ff26bda6590848bf761aa67be5cfd6d85361e19c3e0,2151,data/track-2026-08-14T04-40-01Z.json.ots
2026-08-15T04-40-01Z,425927c90e503a33fba0857bce550303c24e06cfc208b92dc0a9a4a1a002104e,2177,data/track-2026-08-15T04-40-01Z.json.ots
2026-08-16T04-40-01Z,88cf585c66fd7ecbaf5e78a382770d4d7413b4c76ad1d37320ba43ff738751c0,2203,data/track-2026-08-16T04-40-01Z.json.ots
2026-08-17T04-40-01Z,36f377994bbc4b2c2c5dbc4d0fb5878ade749b7fcff227f5f469bfb71fa65f4b,2217,data/track-2026-08-17T04-40-01Z.json.ots
2026-08-18T04-40-01Z,c081eae02a27afeb9ffca6580ec73874a74383869635aeb5bac790054c289a01,2234,data/track-2026-08-18T04-40-01Z.json.ots
2026-08-19T04-40-01Z,e581bddb1caeaa9e431b1cd931b03f110f15208fa13c32a9190b18e53a9cff0e,2246,data/track-2026-08-19T04-40-01Z.json.ots
2026-08-20T04-40-01Z,2cd366beadda688dd31ae8dbe0542879c336b042c291966e9797f3c29011c27a,2256,data/track-2026-08-20T04-40-01Z.json.ots
2026-08-21T04-40-01Z,e8f3f8fbc28f14b49e810af7befd6e5f3d9b9aa5059462458997d1bed29a1a33,2428,data/track-2026-08-21T04-40-01Z.json.ots
2026-08-22T04-40-01Z,d5770ad8d532c93aaef2b52026404778d9b8766c8fe219948b368c36367ddf6a,2493,data/track-2026-08-22T04-40-01Z.json.ots
