snapshot_utc,sha256,predictions,ots
2026-06-20,36de50f69fc6d25e31420b88707ab64dd81e82073c496155f66b9be2f9671830,166,data/track-2026-06-20.json.ots
2026-06-20T06-16-15Z,f86d9744c0160013ea3c632e65ff115c9f0c0d8a3c8b54a499466aad1bce2806,166,data/track-2026-06-20T06-16-15Z.json.ots
2026-06-21T04-40-01Z,11dd25e3c35ada6ac160e062f2e1cd5832822c7fcd7b8f0061cdd2932104acb7,167,data/track-2026-06-21T04-40-01Z.json.ots
2026-06-22T04-40-01Z,26460fe8423c834d419e8dda21f9aee6fbc4bc0bed2916af832d37f81c61ab44,178,data/track-2026-06-22T04-40-01Z.json.ots
2026-06-23T04-40-01Z,592dbdab3d1079740906060ef885c2715d536caf961cca5b83752352313334f7,184,data/track-2026-06-23T04-40-01Z.json.ots
2026-06-24T04-40-01Z,ec4fbbf56185b6a98b91c54d9d401c717068a1420cec09aeeccebc0947ed0af4,198,data/track-2026-06-24T04-40-01Z.json.ots
2026-06-25T04-40-01Z,ab86e26f09d23cc0befde267bf0db6e962cd75cf25e2e0e8c00b414434fa442a,221,data/track-2026-06-25T04-40-01Z.json.ots
2026-06-26T04-40-01Z,c34b2f1af3f6f717a74dd3d0ada944a626becc906fabfe05d37b80680da2b6f8,229,data/track-2026-06-26T04-40-01Z.json.ots
2026-06-27T04-40-01Z,ddbc6f953a3a7ea0dd1c1bfce4fa9aebbac72bdaabc142d8544c2405926f1512,237,data/track-2026-06-27T04-40-01Z.json.ots
